{
  "run_name": "mnist_sinkhorn_tau0p02",
  "gen_ckpt": "pretrained/mnist_laplacian/mnist_sinkhorn_tau0p02/ckpt_final.pt",
  "omega": 1.0,
  "n_per_class": {
    "0": 980,
    "1": 1135,
    "2": 1032,
    "3": 1010,
    "4": 982,
    "5": 892,
    "6": 958,
    "7": 1028,
    "8": 974,
    "9": 1009
  },
  "per_class": {
    "0": {
      "emd_latent": 4.679646900721958,
      "emd_image": 30.29313630863115
    },
    "1": {
      "emd_latent": 4.2738786470522445,
      "emd_image": 7.19906917521608
    },
    "2": {
      "emd_latent": 8.212458186371387,
      "emd_image": 35.15152140920471
    },
    "3": {
      "emd_latent": 8.405723160092188,
      "emd_image": 30.16822922206165
    },
    "4": {
      "emd_latent": 7.342002188843762,
      "emd_image": 25.3480603321021
    },
    "5": {
      "emd_latent": 6.239729301811862,
      "emd_image": 29.403258227446667
    },
    "6": {
      "emd_latent": 6.3863774062696175,
      "emd_image": 29.49567342451567
    },
    "7": {
      "emd_latent": 9.289181024647867,
      "emd_image": 21.994239300605397
    },
    "8": {
      "emd_latent": 5.578009779693169,
      "emd_image": 33.489571389231614
    },
    "9": {
      "emd_latent": 6.315373817685803,
      "emd_image": 23.4202162928813
    }
  },
  "avg_emd_latent": 6.672238041318986,
  "avg_emd_image": 26.596297508189632
}