{
  "run_name": "mnist_sinkhorn_tau0p04_l2sq",
  "gen_ckpt": "pretrained/mnist_gaussian/mnist_sinkhorn_tau0p04_l2sq/ckpt_final.pt",
  "omega": 1.0,
  "n_per_class": {
    "0": 980,
    "1": 1135,
    "2": 1032,
    "3": 1010,
    "4": 982,
    "5": 892,
    "6": 958,
    "7": 1028,
    "8": 974,
    "9": 1009
  },
  "per_class": {
    "0": {
      "emd_latent": 4.889711701140115,
      "emd_image": 31.053429817666803
    },
    "1": {
      "emd_latent": 4.440504011918793,
      "emd_image": 7.654350537875666
    },
    "2": {
      "emd_latent": 8.940053584039674,
      "emd_image": 36.2746919347334
    },
    "3": {
      "emd_latent": 8.590306763601781,
      "emd_image": 30.339136191641916
    },
    "4": {
      "emd_latent": 7.177997643496021,
      "emd_image": 24.604866960140946
    },
    "5": {
      "emd_latent": 6.711468262522736,
      "emd_image": 29.759487881254177
    },
    "6": {
      "emd_latent": 7.022270115034064,
      "emd_image": 31.271364916839282
    },
    "7": {
      "emd_latent": 9.495552678980243,
      "emd_image": 22.04072627390407
    },
    "8": {
      "emd_latent": 5.554909093179252,
      "emd_image": 33.22124466710025
    },
    "9": {
      "emd_latent": 6.309044605440381,
      "emd_image": 22.758357186974333
    }
  },
  "avg_emd_latent": 6.913181845935307,
  "avg_emd_image": 26.897765636813084
}