{
  "run_name": "mnist_baseline_tau0p1",
  "gen_ckpt": "pretrained/mnist_laplacian/mnist_baseline_tau0p1/ckpt_final.pt",
  "omega": 1.0,
  "n_per_class": {
    "0": 980,
    "1": 1135,
    "2": 1032,
    "3": 1010,
    "4": 982,
    "5": 892,
    "6": 958,
    "7": 1028,
    "8": 974,
    "9": 1009
  },
  "per_class": {
    "0": {
      "emd_latent": 2.8358408353766644,
      "emd_image": 23.116219738551553
    },
    "1": {
      "emd_latent": 2.827419012128516,
      "emd_image": 5.88037100636487
    },
    "2": {
      "emd_latent": 4.697531625281931,
      "emd_image": 28.729167411493705
    },
    "3": {
      "emd_latent": 4.766407494497778,
      "emd_image": 25.152371618063214
    },
    "4": {
      "emd_latent": 4.852071847546604,
      "emd_image": 21.66050852389056
    },
    "5": {
      "emd_latent": 4.354620001241233,
      "emd_image": 25.515694936829235
    },
    "6": {
      "emd_latent": 4.2724513878155355,
      "emd_image": 24.502005776184326
    },
    "7": {
      "emd_latent": 5.726754804529579,
      "emd_image": 17.57570004741506
    },
    "8": {
      "emd_latent": 3.3308144026957973,
      "emd_image": 27.662930190930375
    },
    "9": {
      "emd_latent": 3.770214762276535,
      "emd_image": 18.921971626395155
    }
  },
  "avg_emd_latent": 4.143412617339018,
  "avg_emd_image": 21.871694087611807
}