{
  "run_name": "mnist_sinkhorn_tau0p01",
  "gen_ckpt": "pretrained/mnist_laplacian/mnist_sinkhorn_tau0p01/ckpt_final.pt",
  "omega": 1.0,
  "n_per_class": {
    "0": 980,
    "1": 1135,
    "2": 1032,
    "3": 1010,
    "4": 982,
    "5": 892,
    "6": 958,
    "7": 1028,
    "8": 974,
    "9": 1009
  },
  "per_class": {
    "0": {
      "emd_latent": 5.013242013113837,
      "emd_image": 31.471593510374763
    },
    "1": {
      "emd_latent": 4.561479187011733,
      "emd_image": 7.910877049651968
    },
    "2": {
      "emd_latent": 8.890272267105043,
      "emd_image": 36.04984517060506
    },
    "3": {
      "emd_latent": 8.864824402686397,
      "emd_image": 30.72946707848276
    },
    "4": {
      "emd_latent": 7.506590208065243,
      "emd_image": 25.354448586520224
    },
    "5": {
      "emd_latent": 6.758569976139491,
      "emd_image": 30.46465716554445
    },
    "6": {
      "emd_latent": 6.870742391693815,
      "emd_image": 30.70182773613981
    },
    "7": {
      "emd_latent": 10.041411555694697,
      "emd_image": 22.515207882521207
    },
    "8": {
      "emd_latent": 5.8027980087719,
      "emd_image": 33.93864057881628
    },
    "9": {
      "emd_latent": 6.471168486875871,
      "emd_image": 22.970831079927247
    }
  },
  "avg_emd_latent": 7.078109849715803,
  "avg_emd_image": 27.210739583858377
}