{
  "run_name": "mnist_sinkhorn_tau0p05",
  "gen_ckpt": "pretrained/mnist_laplacian/mnist_sinkhorn_tau0p05/ckpt_final.pt",
  "omega": 1.0,
  "n_per_class": {
    "0": 980,
    "1": 1135,
    "2": 1032,
    "3": 1010,
    "4": 982,
    "5": 892,
    "6": 958,
    "7": 1028,
    "8": 974,
    "9": 1009
  },
  "per_class": {
    "0": {
      "emd_latent": 4.5905223282016046,
      "emd_image": 29.918948628951114
    },
    "1": {
      "emd_latent": 4.207161218584373,
      "emd_image": 7.181937386600988
    },
    "2": {
      "emd_latent": 7.660287246223569,
      "emd_image": 34.71080144431241
    },
    "3": {
      "emd_latent": 7.966323157584309,
      "emd_image": 30.081012147960045
    },
    "4": {
      "emd_latent": 7.035482868886047,
      "emd_image": 25.243364299144847
    },
    "5": {
      "emd_latent": 6.074130197276975,
      "emd_image": 28.987154550081954
    },
    "6": {
      "emd_latent": 6.481562222219958,
      "emd_image": 30.05298362445233
    },
    "7": {
      "emd_latent": 8.843610286712643,
      "emd_image": 21.48349289764232
    },
    "8": {
      "emd_latent": 5.287869079401854,
      "emd_image": 32.99642648246503
    },
    "9": {
      "emd_latent": 5.8651724353181605,
      "emd_image": 22.74634709088839
    }
  },
  "avg_emd_latent": 6.401212104040949,
  "avg_emd_image": 26.340246855249944
}