{
  "run_name": "mnist_sinkhorn_tau0p005",
  "gen_ckpt": "pretrained/mnist_laplacian/mnist_sinkhorn_tau0p005/ckpt_final.pt",
  "omega": 1.0,
  "n_per_class": {
    "0": 980,
    "1": 1135,
    "2": 1032,
    "3": 1010,
    "4": 982,
    "5": 892,
    "6": 958,
    "7": 1028,
    "8": 974,
    "9": 1009
  },
  "per_class": {
    "0": {
      "emd_latent": 4.4926478833568275,
      "emd_image": 29.38143644527515
    },
    "1": {
      "emd_latent": 3.600307084810368,
      "emd_image": 6.5896781450851405
    },
    "2": {
      "emd_latent": 6.76297203237697,
      "emd_image": 32.059251724287506
    },
    "3": {
      "emd_latent": 5.965733873726113,
      "emd_image": 26.446496051372854
    },
    "4": {
      "emd_latent": 5.80951915981813,
      "emd_image": 22.141524546015283
    },
    "5": {
      "emd_latent": 5.06088529039392,
      "emd_image": 26.31098073052717
    },
    "6": {
      "emd_latent": 5.583059764854093,
      "emd_image": 26.405040247206387
    },
    "7": {
      "emd_latent": 8.040129335010096,
      "emd_image": 19.539289630340686
    },
    "8": {
      "emd_latent": 4.016457575302593,
      "emd_image": 28.812331287767883
    },
    "9": {
      "emd_latent": 4.629015015185294,
      "emd_image": 19.501611535683853
    }
  },
  "avg_emd_latent": 5.396072701483441,
  "avg_emd_image": 23.71876403435619
}