{
  "run_name": "mnist_sinkhorn_tau0p02_l2sq",
  "gen_ckpt": "pretrained/mnist_gaussian/mnist_sinkhorn_tau0p02_l2sq/ckpt_final.pt",
  "omega": 1.0,
  "n_per_class": {
    "0": 980,
    "1": 1135,
    "2": 1032,
    "3": 1010,
    "4": 982,
    "5": 892,
    "6": 958,
    "7": 1028,
    "8": 974,
    "9": 1009
  },
  "per_class": {
    "0": {
      "emd_latent": 5.225906677635356,
      "emd_image": 32.340466511006255
    },
    "1": {
      "emd_latent": 4.619316679160502,
      "emd_image": 8.144863200922908
    },
    "2": {
      "emd_latent": 9.211835555327959,
      "emd_image": 36.74371665947194
    },
    "3": {
      "emd_latent": 8.499698797546989,
      "emd_image": 30.40715386041324
    },
    "4": {
      "emd_latent": 7.553694925094576,
      "emd_image": 25.487420573496767
    },
    "5": {
      "emd_latent": 6.788694075939358,
      "emd_image": 30.271691294529
    },
    "6": {
      "emd_latent": 7.047377401204598,
      "emd_image": 31.17771283271167
    },
    "7": {
      "emd_latent": 10.29232297889919,
      "emd_image": 22.98270298256481
    },
    "8": {
      "emd_latent": 5.62482154932355,
      "emd_image": 33.305448865009346
    },
    "9": {
      "emd_latent": 6.235204954686076,
      "emd_image": 22.640767325258608
    }
  },
  "avg_emd_latent": 7.1098873594818155,
  "avg_emd_image": 27.350194410538457
}