{
  "run_name": "mnist_sinkhorn_tau0p1_l2sq",
  "gen_ckpt": "pretrained/mnist_gaussian/mnist_sinkhorn_tau0p1_l2sq/ckpt_final.pt",
  "omega": 1.0,
  "n_per_class": {
    "0": 980,
    "1": 1135,
    "2": 1032,
    "3": 1010,
    "4": 982,
    "5": 892,
    "6": 958,
    "7": 1028,
    "8": 974,
    "9": 1009
  },
  "per_class": {
    "0": {
      "emd_latent": 4.820096521961444,
      "emd_image": 30.553323839148703
    },
    "1": {
      "emd_latent": 4.469171149300062,
      "emd_image": 7.505582980857544
    },
    "2": {
      "emd_latent": 8.803575021351977,
      "emd_image": 35.835045032723016
    },
    "3": {
      "emd_latent": 8.931411601529264,
      "emd_image": 30.541952986764386
    },
    "4": {
      "emd_latent": 7.435102618153377,
      "emd_image": 25.17149715073971
    },
    "5": {
      "emd_latent": 6.588419452376431,
      "emd_image": 29.723156847761345
    },
    "6": {
      "emd_latent": 6.702140286471501,
      "emd_image": 30.256071329614574
    },
    "7": {
      "emd_latent": 9.375690727382317,
      "emd_image": 21.71620209207792
    },
    "8": {
      "emd_latent": 5.8146265370645045,
      "emd_image": 34.00152004719764
    },
    "9": {
      "emd_latent": 6.369810789616784,
      "emd_image": 22.630975144823893
    }
  },
  "avg_emd_latent": 6.931004470520766,
  "avg_emd_image": 26.79353274517087
}