{
  "run_name": "mnist_baseline_tau0p02",
  "gen_ckpt": "pretrained/mnist_laplacian/mnist_baseline_tau0p02/ckpt_final.pt",
  "omega": 1.0,
  "n_per_class": {
    "0": 980,
    "1": 1135,
    "2": 1032,
    "3": 1010,
    "4": 982,
    "5": 892,
    "6": 958,
    "7": 1028,
    "8": 974,
    "9": 1009
  },
  "per_class": {
    "0": {
      "emd_latent": 59.133621461050815,
      "emd_image": 101.8207523540575
    },
    "1": {
      "emd_latent": 120.48155937698968,
      "emd_image": 43.99361859796334
    },
    "2": {
      "emd_latent": 59.0994509957557,
      "emd_image": 79.46045589077373
    },
    "3": {
      "emd_latent": 89.06361770535466,
      "emd_image": 81.43933114533363
    },
    "4": {
      "emd_latent": 78.81183082751478,
      "emd_image": 60.255223940443344
    },
    "5": {
      "emd_latent": 78.99253558898722,
      "emd_image": 74.61463036130895
    },
    "6": {
      "emd_latent": 64.74705150879005,
      "emd_image": 75.75427086019813
    },
    "7": {
      "emd_latent": 89.40002496882633,
      "emd_image": 61.08191473103675
    },
    "8": {
      "emd_latent": 60.59470071684903,
      "emd_image": 83.07525561330753
    },
    "9": {
      "emd_latent": 70.80945040662182,
      "emd_image": 62.917179599153336
    }
  },
  "avg_emd_latent": 77.11338435567401,
  "avg_emd_image": 72.44126330935762
}