{
  "run_name": "mnist_sinkhorn_tau0p03_l2sq",
  "gen_ckpt": "pretrained/mnist_gaussian/mnist_sinkhorn_tau0p03_l2sq/ckpt_final.pt",
  "omega": 1.0,
  "n_per_class": {
    "0": 980,
    "1": 1135,
    "2": 1032,
    "3": 1010,
    "4": 982,
    "5": 892,
    "6": 958,
    "7": 1028,
    "8": 974,
    "9": 1009
  },
  "per_class": {
    "0": {
      "emd_latent": 5.031685379573273,
      "emd_image": 31.472595977783225
    },
    "1": {
      "emd_latent": 4.431881182834439,
      "emd_image": 7.56947324055407
    },
    "2": {
      "emd_latent": 8.847030489019643,
      "emd_image": 36.050847757694356
    },
    "3": {
      "emd_latent": 8.583046146430604,
      "emd_image": 30.38356808955129
    },
    "4": {
      "emd_latent": 7.542896989406735,
      "emd_image": 25.527790279349592
    },
    "5": {
      "emd_latent": 6.6884180120288566,
      "emd_image": 29.821033424326117
    },
    "6": {
      "emd_latent": 6.787149035109356,
      "emd_image": 30.691359095882053
    },
    "7": {
      "emd_latent": 9.692466873139265,
      "emd_image": 22.595276355743444
    },
    "8": {
      "emd_latent": 5.782862255950235,
      "emd_image": 33.75006867630039
    },
    "9": {
      "emd_latent": 6.422532703524422,
      "emd_image": 23.430922204840826
    }
  },
  "avg_emd_latent": 6.980996906701684,
  "avg_emd_image": 27.129293510202537
}