{
  "run_name": "mnist_sinkhorn_tau0p025_l2sq",
  "gen_ckpt": "pretrained/mnist_gaussian/mnist_sinkhorn_tau0p025_l2sq/ckpt_final.pt",
  "omega": 1.0,
  "n_per_class": {
    "0": 980,
    "1": 1135,
    "2": 1032,
    "3": 1010,
    "4": 982,
    "5": 892,
    "6": 958,
    "7": 1028,
    "8": 974,
    "9": 1009
  },
  "per_class": {
    "0": {
      "emd_latent": 5.131649544774271,
      "emd_image": 31.903512612167642
    },
    "1": {
      "emd_latent": 4.477942956596741,
      "emd_image": 7.7520971525083056
    },
    "2": {
      "emd_latent": 8.95320235204326,
      "emd_image": 36.220337289248356
    },
    "3": {
      "emd_latent": 8.392535102013298,
      "emd_image": 30.412946251595383
    },
    "4": {
      "emd_latent": 7.504249269753513,
      "emd_image": 25.539673923717736
    },
    "5": {
      "emd_latent": 6.750839278302385,
      "emd_image": 29.88918487694232
    },
    "6": {
      "emd_latent": 6.879629429795303,
      "emd_image": 30.62228215163831
    },
    "7": {
      "emd_latent": 10.073940637046736,
      "emd_image": 22.597435400179847
    },
    "8": {
      "emd_latent": 5.54197250891026,
      "emd_image": 33.03752104114952
    },
    "9": {
      "emd_latent": 6.197682053648206,
      "emd_image": 22.598988885567614
    }
  },
  "avg_emd_latent": 6.9903643132883975,
  "avg_emd_image": 27.0573979584715
}