{
  "run_name": "mnist_baseline_tau0p05_l2sq",
  "gen_ckpt": "pretrained/mnist_gaussian/mnist_baseline_tau0p05_l2sq/ckpt_final.pt",
  "omega": 1.0,
  "n_per_class": {
    "0": 980,
    "1": 1135,
    "2": 1032,
    "3": 1010,
    "4": 982,
    "5": 892,
    "6": 958,
    "7": 1028,
    "8": 974,
    "9": 1009
  },
  "per_class": {
    "0": {
      "emd_latent": 62.365488498064856,
      "emd_image": 101.25260717820154
    },
    "1": {
      "emd_latent": 122.89649582581391,
      "emd_image": 44.974271226454384
    },
    "2": {
      "emd_latent": 60.057818046835955,
      "emd_image": 77.6516263706739
    },
    "3": {
      "emd_latent": 94.63387254393913,
      "emd_image": 82.4058128715741
    },
    "4": {
      "emd_latent": 77.93660234579487,
      "emd_image": 59.26761794430175
    },
    "5": {
      "emd_latent": 83.85743180946388,
      "emd_image": 74.93616095359017
    },
    "6": {
      "emd_latent": 74.56879304694728,
      "emd_image": 73.46941726143027
    },
    "7": {
      "emd_latent": 87.91608259650089,
      "emd_image": 58.22345723437894
    },
    "8": {
      "emd_latent": 61.15313361214918,
      "emd_image": 82.89094764544967
    },
    "9": {
      "emd_latent": 71.9860028776353,
      "emd_image": 61.418165273070876
    }
  },
  "avg_emd_latent": 79.73717212031453,
  "avg_emd_image": 71.64900839591255
}