{
  "run_name": "mnist_baseline_tau0p01",
  "gen_ckpt": "pretrained/mnist_laplacian/mnist_baseline_tau0p01/ckpt_final.pt",
  "omega": 1.0,
  "n_per_class": {
    "0": 980,
    "1": 1135,
    "2": 1032,
    "3": 1010,
    "4": 982,
    "5": 892,
    "6": 958,
    "7": 1028,
    "8": 974,
    "9": 1009
  },
  "per_class": {
    "0": {
      "emd_latent": 52.97806169159555,
      "emd_image": 102.35796566398784
    },
    "1": {
      "emd_latent": 117.34075916475142,
      "emd_image": 43.85601722448408
    },
    "2": {
      "emd_latent": 72.59465554148655,
      "emd_image": 82.69010045177244
    },
    "3": {
      "emd_latent": 84.10119822757088,
      "emd_image": 82.38381622427764
    },
    "4": {
      "emd_latent": 74.1227441892604,
      "emd_image": 63.53757196919744
    },
    "5": {
      "emd_latent": 68.21703780820025,
      "emd_image": 75.15656546947675
    },
    "6": {
      "emd_latent": 63.07828930673628,
      "emd_image": 78.96408375718148
    },
    "7": {
      "emd_latent": 83.72797916093239,
      "emd_image": 62.24193498225528
    },
    "8": {
      "emd_latent": 52.960927829605296,
      "emd_image": 82.88114749626455
    },
    "9": {
      "emd_latent": 63.030463147801306,
      "emd_image": 65.56926337507713
    }
  },
  "avg_emd_latent": 73.21521160679404,
  "avg_emd_image": 73.96384666139747
}