{
  "run_name": "mnist_sinkhorn_tau0p005_l2sq",
  "gen_ckpt": "pretrained/mnist_gaussian/mnist_sinkhorn_tau0p005_l2sq/ckpt_final.pt",
  "omega": 1.0,
  "n_per_class": {
    "0": 980,
    "1": 1135,
    "2": 1032,
    "3": 1010,
    "4": 982,
    "5": 892,
    "6": 958,
    "7": 1028,
    "8": 974,
    "9": 1009
  },
  "per_class": {
    "0": {
      "emd_latent": 6.368508080073772,
      "emd_image": 37.26155214893576
    },
    "1": {
      "emd_latent": 5.435051602939152,
      "emd_image": 9.8035155544197
    },
    "2": {
      "emd_latent": 12.269897849984869,
      "emd_image": 43.25782330461249
    },
    "3": {
      "emd_latent": 9.994546461577473,
      "emd_image": 33.113903442231745
    },
    "4": {
      "emd_latent": 8.59692834399625,
      "emd_image": 27.45947382940542
    },
    "5": {
      "emd_latent": 8.60729885315148,
      "emd_image": 33.52110553108521
    },
    "6": {
      "emd_latent": 8.663462616954332,
      "emd_image": 35.513811449915025
    },
    "7": {
      "emd_latent": 12.381765348902015,
      "emd_image": 25.78325242662243
    },
    "8": {
      "emd_latent": 6.447602408133008,
      "emd_image": 35.568310919728354
    },
    "9": {
      "emd_latent": 6.9339992865344175,
      "emd_image": 24.05806687187746
    }
  },
  "avg_emd_latent": 8.569906085224677,
  "avg_emd_image": 30.534081547883364
}