{
  "run_name": "mnist_sinkhorn_tau0p025",
  "gen_ckpt": "pretrained/mnist_laplacian/mnist_sinkhorn_tau0p025/ckpt_final.pt",
  "omega": 1.0,
  "n_per_class": {
    "0": 980,
    "1": 1135,
    "2": 1032,
    "3": 1010,
    "4": 982,
    "5": 892,
    "6": 958,
    "7": 1028,
    "8": 974,
    "9": 1009
  },
  "per_class": {
    "0": {
      "emd_latent": 4.681369812634532,
      "emd_image": 30.2736218121587
    },
    "1": {
      "emd_latent": 4.260628190229646,
      "emd_image": 7.170770169564813
    },
    "2": {
      "emd_latent": 7.86576257657635,
      "emd_image": 34.6108542338822
    },
    "3": {
      "emd_latent": 8.158090143864698,
      "emd_image": 30.137177371034493
    },
    "4": {
      "emd_latent": 7.151297349793853,
      "emd_image": 25.06278994806916
    },
    "5": {
      "emd_latent": 6.043708997991593,
      "emd_image": 28.961820891085218
    },
    "6": {
      "emd_latent": 6.572997485421646,
      "emd_image": 30.12516616231963
    },
    "7": {
      "emd_latent": 9.040414834300835,
      "emd_image": 21.53531324817044
    },
    "8": {
      "emd_latent": 5.268386621494805,
      "emd_image": 32.74124663664328
    },
    "9": {
      "emd_latent": 6.0888057430861,
      "emd_image": 22.720259824285872
    }
  },
  "avg_emd_latent": 6.513146175539407,
  "avg_emd_image": 26.33390202972138
}