{
  "run_name": "mnist_baseline_tau0p04",
  "gen_ckpt": "pretrained/mnist_laplacian/mnist_baseline_tau0p04/ckpt_final.pt",
  "omega": 1.0,
  "n_per_class": {
    "0": 980,
    "1": 1135,
    "2": 1032,
    "3": 1010,
    "4": 982,
    "5": 892,
    "6": 958,
    "7": 1028,
    "8": 974,
    "9": 1009
  },
  "per_class": {
    "0": {
      "emd_latent": 3.301671201355608,
      "emd_image": 24.538608566595585
    },
    "1": {
      "emd_latent": 3.4209103790148814,
      "emd_image": 7.182028186478811
    },
    "2": {
      "emd_latent": 5.6157198899476075,
      "emd_image": 29.92976355737494
    },
    "3": {
      "emd_latent": 5.275503904512623,
      "emd_image": 25.882507276062945
    },
    "4": {
      "emd_latent": 4.935766439573828,
      "emd_image": 21.747704500093462
    },
    "5": {
      "emd_latent": 5.309478219849108,
      "emd_image": 26.67242518241095
    },
    "6": {
      "emd_latent": 5.1362462302588225,
      "emd_image": 26.352176901194138
    },
    "7": {
      "emd_latent": 6.442881445012669,
      "emd_image": 18.02584347186849
    },
    "8": {
      "emd_latent": 3.7900759503092343,
      "emd_image": 28.550711447698152
    },
    "9": {
      "emd_latent": 4.020440014668091,
      "emd_image": 19.183870088711462
    }
  },
  "avg_emd_latent": 4.724869367450248,
  "avg_emd_image": 22.806563917848894
}