{
  "run_name": "mnist_baseline_tau0p03",
  "gen_ckpt": "pretrained/mnist_laplacian/mnist_baseline_tau0p03/ckpt_final.pt",
  "omega": 1.0,
  "n_per_class": {
    "0": 980,
    "1": 1135,
    "2": 1032,
    "3": 1010,
    "4": 982,
    "5": 892,
    "6": 958,
    "7": 1028,
    "8": 974,
    "9": 1009
  },
  "per_class": {
    "0": {
      "emd_latent": 4.04798486378728,
      "emd_image": 26.771520564020907
    },
    "1": {
      "emd_latent": 4.121819053347416,
      "emd_image": 7.219181884227866
    },
    "2": {
      "emd_latent": 5.768676390943605,
      "emd_image": 30.411665182705086
    },
    "3": {
      "emd_latent": 5.66387750229033,
      "emd_image": 26.339477522066353
    },
    "4": {
      "emd_latent": 7.061383366827561,
      "emd_image": 23.849708362897886
    },
    "5": {
      "emd_latent": 6.150472082899291,
      "emd_image": 27.354349499860685
    },
    "6": {
      "emd_latent": 6.73612083920855,
      "emd_image": 28.494667335940314
    },
    "7": {
      "emd_latent": 7.606316708405195,
      "emd_image": 20.079154335571157
    },
    "8": {
      "emd_latent": 4.197625864702567,
      "emd_image": 28.933352413608322
    },
    "9": {
      "emd_latent": 5.550949086282835,
      "emd_image": 21.34708670416716
    }
  },
  "avg_emd_latent": 5.690522575869463,
  "avg_emd_image": 24.080016380506574
}