{
  "run_name": "mnist_baseline_tau0p025",
  "gen_ckpt": "pretrained/mnist_laplacian/mnist_baseline_tau0p025/ckpt_final.pt",
  "omega": 1.0,
  "n_per_class": {
    "0": 980,
    "1": 1135,
    "2": 1032,
    "3": 1010,
    "4": 982,
    "5": 892,
    "6": 958,
    "7": 1028,
    "8": 974,
    "9": 1009
  },
  "per_class": {
    "0": {
      "emd_latent": 10.928723147937218,
      "emd_image": 41.00136757870107
    },
    "1": {
      "emd_latent": 9.1597074668313,
      "emd_image": 9.651094634102309
    },
    "2": {
      "emd_latent": 7.078310501667889,
      "emd_image": 32.99716928578166
    },
    "3": {
      "emd_latent": 9.46452811023976,
      "emd_image": 32.06994767897202
    },
    "4": {
      "emd_latent": 18.51352557922335,
      "emd_image": 33.96927587272193
    },
    "5": {
      "emd_latent": 14.654103445899862,
      "emd_image": 36.71019323417421
    },
    "6": {
      "emd_latent": 14.91674929421731,
      "emd_image": 35.57636125500869
    },
    "7": {
      "emd_latent": 16.039333362059836,
      "emd_image": 28.36277955793683
    },
    "8": {
      "emd_latent": 7.196863193041977,
      "emd_image": 32.87016539211393
    },
    "9": {
      "emd_latent": 14.957017935893703,
      "emd_image": 32.41733338551668
    }
  },
  "avg_emd_latent": 12.29088620370122,
  "avg_emd_image": 31.562568787502933
}