{
  "run_name": "mnist_baseline_tau0p005_l2sq",
  "gen_ckpt": "pretrained/mnist_gaussian/mnist_baseline_tau0p005_l2sq/ckpt_final.pt",
  "omega": 1.0,
  "n_per_class": {
    "0": 980,
    "1": 1135,
    "2": 1032,
    "3": 1010,
    "4": 982,
    "5": 892,
    "6": 958,
    "7": 1028,
    "8": 974,
    "9": 1009
  },
  "per_class": {
    "0": {
      "emd_latent": 52.97519527065509,
      "emd_image": 102.35884888707376
    },
    "1": {
      "emd_latent": 117.33828351025005,
      "emd_image": 43.85388058565784
    },
    "2": {
      "emd_latent": 72.59122660733013,
      "emd_image": 82.68224376671073
    },
    "3": {
      "emd_latent": 84.10676821057157,
      "emd_image": 82.38291728897849
    },
    "4": {
      "emd_latent": 74.12222298002547,
      "emd_image": 63.53316876747461
    },
    "5": {
      "emd_latent": 68.20424171520449,
      "emd_image": 75.15298172176692
    },
    "6": {
      "emd_latent": 63.07828661494566,
      "emd_image": 78.9595978583573
    },
    "7": {
      "emd_latent": 83.7176986733299,
      "emd_image": 62.24154605011996
    },
    "8": {
      "emd_latent": 52.95732734727171,
      "emd_image": 82.88085518039966
    },
    "9": {
      "emd_latent": 63.028321160315585,
      "emd_image": 65.56675214550073
    }
  },
  "avg_emd_latent": 73.21195720898997,
  "avg_emd_image": 73.96127922520398
}