{
  "run_name": "mnist_baseline_tau0p01_l2sq",
  "gen_ckpt": "pretrained/mnist_gaussian/mnist_baseline_tau0p01_l2sq/ckpt_final.pt",
  "omega": 1.0,
  "n_per_class": {
    "0": 980,
    "1": 1135,
    "2": 1032,
    "3": 1010,
    "4": 982,
    "5": 892,
    "6": 958,
    "7": 1028,
    "8": 974,
    "9": 1009
  },
  "per_class": {
    "0": {
      "emd_latent": 52.973142483769635,
      "emd_image": 102.35800255755971
    },
    "1": {
      "emd_latent": 117.33818404748047,
      "emd_image": 43.85551252659198
    },
    "2": {
      "emd_latent": 72.59745544056554,
      "emd_image": 82.68846471180295
    },
    "3": {
      "emd_latent": 84.1085380601411,
      "emd_image": 82.38475038131867
    },
    "4": {
      "emd_latent": 74.11948160727013,
      "emd_image": 63.5355983916708
    },
    "5": {
      "emd_latent": 68.20919016765374,
      "emd_image": 75.1555484870089
    },
    "6": {
      "emd_latent": 63.08186380848258,
      "emd_image": 78.9615676577256
    },
    "7": {
      "emd_latent": 83.71968922726361,
      "emd_image": 62.239545545689296
    },
    "8": {
      "emd_latent": 52.963938712094595,
      "emd_image": 82.87957268622877
    },
    "9": {
      "emd_latent": 63.03123064674395,
      "emd_image": 65.56668165488576
    }
  },
  "avg_emd_latent": 73.21427142014652,
  "avg_emd_image": 73.96252446004826
}