{
  "run_name": "mnist_baseline_tau0p025_l2sq",
  "gen_ckpt": "pretrained/mnist_gaussian/mnist_baseline_tau0p025_l2sq/ckpt_final.pt",
  "omega": 1.0,
  "n_per_class": {
    "0": 980,
    "1": 1135,
    "2": 1032,
    "3": 1010,
    "4": 982,
    "5": 892,
    "6": 958,
    "7": 1028,
    "8": 974,
    "9": 1009
  },
  "per_class": {
    "0": {
      "emd_latent": 52.97806308999352,
      "emd_image": 102.35796522023723
    },
    "1": {
      "emd_latent": 117.3407539065189,
      "emd_image": 43.85601641197036
    },
    "2": {
      "emd_latent": 72.59465182197191,
      "emd_image": 82.69010016899696
    },
    "3": {
      "emd_latent": 84.10119671491114,
      "emd_image": 82.38381472294874
    },
    "4": {
      "emd_latent": 74.12274584119531,
      "emd_image": 63.53757079215741
    },
    "5": {
      "emd_latent": 68.2170379632258,
      "emd_image": 75.15656430197403
    },
    "6": {
      "emd_latent": 63.07828642879007,
      "emd_image": 78.96408402795329
    },
    "7": {
      "emd_latent": 83.72798137442157,
      "emd_image": 62.24193383561963
    },
    "8": {
      "emd_latent": 52.9609275534901,
      "emd_image": 82.88114642313622
    },
    "9": {
      "emd_latent": 63.03046586232328,
      "emd_image": 65.56926206696492
    }
  },
  "avg_emd_latent": 73.21521105568416,
  "avg_emd_image": 73.96384579719589
}