{
  "run_name": "mnist_sinkhorn_tau0p01_l2sq",
  "gen_ckpt": "pretrained/mnist_gaussian/mnist_sinkhorn_tau0p01_l2sq/ckpt_final.pt",
  "omega": 1.0,
  "n_per_class": {
    "0": 980,
    "1": 1135,
    "2": 1032,
    "3": 1010,
    "4": 982,
    "5": 892,
    "6": 958,
    "7": 1028,
    "8": 974,
    "9": 1009
  },
  "per_class": {
    "0": {
      "emd_latent": 5.789467597494318,
      "emd_image": 34.85984986363622
    },
    "1": {
      "emd_latent": 5.068323365602205,
      "emd_image": 9.311345719660958
    },
    "2": {
      "emd_latent": 10.233496227005656,
      "emd_image": 39.081735625747505
    },
    "3": {
      "emd_latent": 9.063839130590457,
      "emd_image": 31.52779888115308
    },
    "4": {
      "emd_latent": 8.114343070206958,
      "emd_image": 26.57009826318312
    },
    "5": {
      "emd_latent": 7.349757196657325,
      "emd_image": 31.45571099054653
    },
    "6": {
      "emd_latent": 7.830579407279831,
      "emd_image": 33.3844895571906
    },
    "7": {
      "emd_latent": 11.273802360208112,
      "emd_image": 24.546876888794685
    },
    "8": {
      "emd_latent": 5.981328171136686,
      "emd_image": 34.37146820131022
    },
    "9": {
      "emd_latent": 6.563846347116985,
      "emd_image": 23.463114677028425
    }
  },
  "avg_emd_latent": 7.726878287329852,
  "avg_emd_image": 28.857248866825138
}