{
  "run_name": "mnist_baseline_tau0p03_l2sq",
  "gen_ckpt": "pretrained/mnist_gaussian/mnist_baseline_tau0p03_l2sq/ckpt_final.pt",
  "omega": 1.0,
  "n_per_class": {
    "0": 980,
    "1": 1135,
    "2": 1032,
    "3": 1010,
    "4": 982,
    "5": 892,
    "6": 958,
    "7": 1028,
    "8": 974,
    "9": 1009
  },
  "per_class": {
    "0": {
      "emd_latent": 52.992086582767776,
      "emd_image": 102.35688324753134
    },
    "1": {
      "emd_latent": 117.33935161204091,
      "emd_image": 43.84648268107265
    },
    "2": {
      "emd_latent": 72.5683679349663,
      "emd_image": 82.67259979248045
    },
    "3": {
      "emd_latent": 84.11524431870718,
      "emd_image": 82.37439207700224
    },
    "4": {
      "emd_latent": 74.12821676871921,
      "emd_image": 63.52659844089669
    },
    "5": {
      "emd_latent": 68.23504295263588,
      "emd_image": 75.15576572589276
    },
    "6": {
      "emd_latent": 63.07779598036988,
      "emd_image": 78.94872655948171
    },
    "7": {
      "emd_latent": 83.74644974419108,
      "emd_image": 62.22947836664392
    },
    "8": {
      "emd_latent": 52.97444940298743,
      "emd_image": 82.86706847282909
    },
    "9": {
      "emd_latent": 63.05219142429895,
      "emd_image": 65.56039201303552
    }
  },
  "avg_emd_latent": 73.22291967216846,
  "avg_emd_image": 73.95383873768664
}