{
  "run_name": "mnist_sinkhorn_tau0p05_l2sq",
  "gen_ckpt": "pretrained/mnist_gaussian/mnist_sinkhorn_tau0p05_l2sq/ckpt_final.pt",
  "omega": 1.0,
  "n_per_class": {
    "0": 980,
    "1": 1135,
    "2": 1032,
    "3": 1010,
    "4": 982,
    "5": 892,
    "6": 958,
    "7": 1028,
    "8": 974,
    "9": 1009
  },
  "per_class": {
    "0": {
      "emd_latent": 5.038434818812777,
      "emd_image": 31.582369278888347
    },
    "1": {
      "emd_latent": 4.435409478679101,
      "emd_image": 7.483523495711952
    },
    "2": {
      "emd_latent": 8.438263149224511,
      "emd_image": 35.27751970475958
    },
    "3": {
      "emd_latent": 8.668942049234204,
      "emd_image": 30.252405650072717
    },
    "4": {
      "emd_latent": 7.151623304409791,
      "emd_image": 24.66776208430831
    },
    "5": {
      "emd_latent": 6.707002333996004,
      "emd_image": 29.64724773997147
    },
    "6": {
      "emd_latent": 6.809862873499474,
      "emd_image": 30.787104118840922
    },
    "7": {
      "emd_latent": 9.271673068926027,
      "emd_image": 21.72302180598219
    },
    "8": {
      "emd_latent": 5.6337089146921455,
      "emd_image": 33.48650274335482
    },
    "9": {
      "emd_latent": 6.248633832714127,
      "emd_image": 22.54756437704277
    }
  },
  "avg_emd_latent": 6.840355382418816,
  "avg_emd_image": 26.745502099893308
}