{
  "run_name": "mnist_sinkhorn_tau0p04",
  "gen_ckpt": "pretrained/mnist_laplacian/mnist_sinkhorn_tau0p04/ckpt_final.pt",
  "omega": 1.0,
  "n_per_class": {
    "0": 980,
    "1": 1135,
    "2": 1032,
    "3": 1010,
    "4": 982,
    "5": 892,
    "6": 958,
    "7": 1028,
    "8": 974,
    "9": 1009
  },
  "per_class": {
    "0": {
      "emd_latent": 4.593722635385935,
      "emd_image": 30.010872338742608
    },
    "1": {
      "emd_latent": 4.202427700227573,
      "emd_image": 7.162361178629195
    },
    "2": {
      "emd_latent": 7.851982326470599,
      "emd_image": 34.93908126409658
    },
    "3": {
      "emd_latent": 7.991143447573835,
      "emd_image": 30.010005252196052
    },
    "4": {
      "emd_latent": 6.933642230063006,
      "emd_image": 25.087450000273492
    },
    "5": {
      "emd_latent": 6.053305963764266,
      "emd_image": 28.899471415532567
    },
    "6": {
      "emd_latent": 6.249210512961631,
      "emd_image": 29.08901084390212
    },
    "7": {
      "emd_latent": 8.977328343150216,
      "emd_image": 21.2971006107701
    },
    "8": {
      "emd_latent": 5.186971402021406,
      "emd_image": 32.70663610767776
    },
    "9": {
      "emd_latent": 5.928100683289778,
      "emd_image": 22.814056768880487
    }
  },
  "avg_emd_latent": 6.396783524490824,
  "avg_emd_image": 26.201604578070096
}