{
  "run_name": "mnist_sinkhorn_tau0p03",
  "gen_ckpt": "pretrained/mnist_laplacian/mnist_sinkhorn_tau0p03/ckpt_final.pt",
  "omega": 1.0,
  "n_per_class": {
    "0": 980,
    "1": 1135,
    "2": 1032,
    "3": 1010,
    "4": 982,
    "5": 892,
    "6": 958,
    "7": 1028,
    "8": 974,
    "9": 1009
  },
  "per_class": {
    "0": {
      "emd_latent": 4.587393690615284,
      "emd_image": 29.822231331650084
    },
    "1": {
      "emd_latent": 4.15165278228894,
      "emd_image": 7.156141973487078
    },
    "2": {
      "emd_latent": 7.871643778889686,
      "emd_image": 34.840662447981074
    },
    "3": {
      "emd_latent": 8.116985851703307,
      "emd_image": 30.11455145354319
    },
    "4": {
      "emd_latent": 7.011321702945496,
      "emd_image": 24.875109938642883
    },
    "5": {
      "emd_latent": 6.169551404602324,
      "emd_image": 28.97915203582014
    },
    "6": {
      "emd_latent": 6.694951041506335,
      "emd_image": 30.43705696551934
    },
    "7": {
      "emd_latent": 9.151191295816739,
      "emd_image": 21.719799611355082
    },
    "8": {
      "emd_latent": 5.1885895621360465,
      "emd_image": 32.667525716386066
    },
    "9": {
      "emd_latent": 5.936030864242992,
      "emd_image": 22.33930417449313
    }
  },
  "avg_emd_latent": 6.487931197474715,
  "avg_emd_image": 26.295153564887805
}