{
  "run_name": "mnist_baseline_tau0p04_l2sq",
  "gen_ckpt": "pretrained/mnist_gaussian/mnist_baseline_tau0p04_l2sq/ckpt_final.pt",
  "omega": 1.0,
  "n_per_class": {
    "0": 980,
    "1": 1135,
    "2": 1032,
    "3": 1010,
    "4": 982,
    "5": 892,
    "6": 958,
    "7": 1028,
    "8": 974,
    "9": 1009
  },
  "per_class": {
    "0": {
      "emd_latent": 59.102410216234105,
      "emd_image": 101.75309900556289
    },
    "1": {
      "emd_latent": 120.35821910303588,
      "emd_image": 43.95590641845169
    },
    "2": {
      "emd_latent": 59.223003002100185,
      "emd_image": 79.17071917260328
    },
    "3": {
      "emd_latent": 89.04348437904135,
      "emd_image": 81.27435905909789
    },
    "4": {
      "emd_latent": 78.8339674205742,
      "emd_image": 60.200154075311765
    },
    "5": {
      "emd_latent": 79.27867193179281,
      "emd_image": 74.63122209198272
    },
    "6": {
      "emd_latent": 64.46883711585916,
      "emd_image": 75.65862498751261
    },
    "7": {
      "emd_latent": 89.4378419766631,
      "emd_image": 60.935283926210495
    },
    "8": {
      "emd_latent": 61.05846493151163,
      "emd_image": 83.07694733167345
    },
    "9": {
      "emd_latent": 71.2644159375617,
      "emd_image": 62.91132064002702
    }
  },
  "avg_emd_latent": 77.2069316014374,
  "avg_emd_image": 72.35676367084338
}