{
  "run_name": "mnist_baseline_tau0p02_l2sq",
  "gen_ckpt": "pretrained/mnist_gaussian/mnist_baseline_tau0p02_l2sq/ckpt_final.pt",
  "omega": 1.0,
  "n_per_class": {
    "0": 980,
    "1": 1135,
    "2": 1032,
    "3": 1010,
    "4": 982,
    "5": 892,
    "6": 958,
    "7": 1028,
    "8": 974,
    "9": 1009
  },
  "per_class": {
    "0": {
      "emd_latent": 52.97656593712009,
      "emd_image": 102.36167330839208
    },
    "1": {
      "emd_latent": 117.33213903956481,
      "emd_image": 43.85392102144881
    },
    "2": {
      "emd_latent": 72.59150847630914,
      "emd_image": 82.68631776913183
    },
    "3": {
      "emd_latent": 84.09990953974207,
      "emd_image": 82.3827718413702
    },
    "4": {
      "emd_latent": 74.1136725643259,
      "emd_image": 63.53022485449457
    },
    "5": {
      "emd_latent": 68.20392589611862,
      "emd_image": 75.1569775872167
    },
    "6": {
      "emd_latent": 63.08331957540334,
      "emd_image": 78.96178496307029
    },
    "7": {
      "emd_latent": 83.72207515898378,
      "emd_image": 62.238614596281515
    },
    "8": {
      "emd_latent": 52.966337856081225,
      "emd_image": 82.87931990574509
    },
    "9": {
      "emd_latent": 63.02846643733317,
      "emd_image": 65.56521398508391
    }
  },
  "avg_emd_latent": 73.21179204809822,
  "avg_emd_image": 73.9616819832235
}