{
  "run_name": "mnist_baseline_tau0p05",
  "gen_ckpt": "pretrained/mnist_laplacian/mnist_baseline_tau0p05/ckpt_final.pt",
  "omega": 1.0,
  "n_per_class": {
    "0": 980,
    "1": 1135,
    "2": 1032,
    "3": 1010,
    "4": 982,
    "5": 892,
    "6": 958,
    "7": 1028,
    "8": 974,
    "9": 1009
  },
  "per_class": {
    "0": {
      "emd_latent": 3.013793806153901,
      "emd_image": 23.601763487835314
    },
    "1": {
      "emd_latent": 2.8548149949128416,
      "emd_image": 5.862399110499979
    },
    "2": {
      "emd_latent": 5.446982152702279,
      "emd_image": 29.741084061851772
    },
    "3": {
      "emd_latent": 5.284980258375115,
      "emd_image": 25.901552553460142
    },
    "4": {
      "emd_latent": 4.914069457355192,
      "emd_image": 21.704013020346437
    },
    "5": {
      "emd_latent": 4.8795011663650705,
      "emd_image": 26.14121601506736
    },
    "6": {
      "emd_latent": 4.696717296114548,
      "emd_image": 25.675396515083712
    },
    "7": {
      "emd_latent": 6.275843946850252,
      "emd_image": 18.485256274850457
    },
    "8": {
      "emd_latent": 3.4604397573999783,
      "emd_image": 27.93066715459802
    },
    "9": {
      "emd_latent": 3.916906613897166,
      "emd_image": 18.714158849271957
    }
  },
  "avg_emd_latent": 4.474404945012635,
  "avg_emd_image": 22.375750704286514
}