{
  "run_name": "mnist_sinkhorn_tau0p1",
  "gen_ckpt": "pretrained/mnist_laplacian/mnist_sinkhorn_tau0p1/ckpt_final.pt",
  "omega": 1.0,
  "n_per_class": {
    "0": 980,
    "1": 1135,
    "2": 1032,
    "3": 1010,
    "4": 982,
    "5": 892,
    "6": 958,
    "7": 1028,
    "8": 974,
    "9": 1009
  },
  "per_class": {
    "0": {
      "emd_latent": 4.992363135668699,
      "emd_image": 30.90207982355235
    },
    "1": {
      "emd_latent": 4.737075604006057,
      "emd_image": 7.843064199775324
    },
    "2": {
      "emd_latent": 8.26263432632121,
      "emd_image": 36.598876065986055
    },
    "3": {
      "emd_latent": 8.923761118520591,
      "emd_image": 31.93179532041639
    },
    "4": {
      "emd_latent": 7.796733467739131,
      "emd_image": 26.792223015530727
    },
    "5": {
      "emd_latent": 6.80213950995373,
      "emd_image": 30.52205871359649
    },
    "6": {
      "emd_latent": 6.899017887473844,
      "emd_image": 30.932719125130458
    },
    "7": {
      "emd_latent": 9.438311025790211,
      "emd_image": 22.22792779425236
    },
    "8": {
      "emd_latent": 5.682330824756031,
      "emd_image": 34.120630910509234
    },
    "9": {
      "emd_latent": 6.617316446408278,
      "emd_image": 23.87571769805093
    }
  },
  "avg_emd_latent": 7.0151683346637785,
  "avg_emd_image": 27.57470926668003
}