{
  "run_name": "mnist_baseline_tau0p1_l2sq",
  "gen_ckpt": "pretrained/mnist_gaussian/mnist_baseline_tau0p1_l2sq/ckpt_final.pt",
  "omega": 1.0,
  "n_per_class": {
    "0": 980,
    "1": 1135,
    "2": 1032,
    "3": 1010,
    "4": 982,
    "5": 892,
    "6": 958,
    "7": 1028,
    "8": 974,
    "9": 1009
  },
  "per_class": {
    "0": {
      "emd_latent": 3.825902318954463,
      "emd_image": 26.247457891580996
    },
    "1": {
      "emd_latent": 3.6595062323078746,
      "emd_image": 6.896633471686399
    },
    "2": {
      "emd_latent": 6.558573312537614,
      "emd_image": 31.606846365817802
    },
    "3": {
      "emd_latent": 5.869894470554762,
      "emd_image": 26.542756259087263
    },
    "4": {
      "emd_latent": 6.251844153627605,
      "emd_image": 23.047748997837864
    },
    "5": {
      "emd_latent": 7.001911907452645,
      "emd_image": 28.80157633640305
    },
    "6": {
      "emd_latent": 6.71356998654647,
      "emd_image": 28.901845681144714
    },
    "7": {
      "emd_latent": 7.079670380989412,
      "emd_image": 19.375363003882935
    },
    "8": {
      "emd_latent": 4.168947790682437,
      "emd_image": 28.807213332863565
    },
    "9": {
      "emd_latent": 5.269296565778903,
      "emd_image": 20.873125458141764
    }
  },
  "avg_emd_latent": 5.639911711943219,
  "avg_emd_image": 24.11005667984464
}